{"cameraMode":{"drawMode":0,"name":"Shaded","section":"Shading Mode"},"sceneLighting":true,"audioPlay":false,"sceneViewState":{"m_AlwaysRefresh":false,"showFog":true,"showSkybox":true,"showFlares":true,"showImageEffects":true,"showParticleSystems":true,"showVisualEffectGraphs":true,"m_FxEnabled":true},"in2DMode":false,"pivot":{"x":4.752227783203125,"y":1.4598731994628907,"z":-5.0991973876953129},"rotation":{"x":-0.06360255926847458,"y":0.9189847111701965,"z":-0.1660972684621811,"w":-0.35190093517303469},"size":54.204341888427737,"orthographic":false}